svid,statevector
1,"[(0.126132115816913343-0.24863047384206843j), (-0.826132115816913395+0.2486304738420684j)]"
2,"[(0.126132115816913343-0.24863047384206843j), (-0.46132115816913395+0.2486304738420684j), (-0.02613211581691334-0.2486304738420684j), (-0.02613211581691339+0.24863047384206835j), (-0.02613211581691334-0.2486304738420684j), (-0.02613211581691339+0.24863047384206835j), (-0.026132115816913336-0.24863047384206835j), (-0.026132115816913385+0.24863047384206832j), (-0.02613211581691334-0.2486304738420684j), (-0.02613211581691339+0.24863047384206835j), (-0.026132115816913336-0.24863047384206835j), (-0.026132115816913385+0.24863047384206832j), (-0.026132115816913336-0.24863047384206835j), (-0.026132115816913385+0.24863047384206832j), (-0.02613211581691333-0.24863047384206832j), (-0.02613211581691338+0.2486304738420683j), (-0.026132115816913343-0.24863047384206843j), (-0.026132115816913395+0.2486304738420684j), (-0.02613211581691334-0.2486304738420684j), (-0.02613211581691339+0.24863047384206835j), (-0.02613211581691334-0.2486304738420684j), (-0.02613211581691339+0.24863047384206835j), (-0.026132115816913336-0.24863047384206835j), (-0.026132115816913385+0.24863047384206832j), (-0.02613211581691334-0.2486304738420684j), (-0.02613211581691339+0.24863047384206835j), (-0.026132115816913336-0.24863047384206835j), (-0.026132115816913385+0.24863047384206832j), (-0.026132115816913336-0.24863047384206835j), (-0.026132115816913385+0.24863047384206832j), (-0.02613211581691333-0.24863047384206832j), (-0.02613211581691338+0.2486304738420683j)]"
3,"[(0.126132115816913343-0.24863047384206843j), (-0.026132115816913395+0.2486304738420684j)]"
4,
5,"[(0.926132115816913343-0.24863047384206843j), (0.126132115816913395+0.2486304738420684j)]"


